Model,Accuracy,F1
MLP,0.9538677201478272,0.9530358069538142
LSTM,0.9172932330827067,0.9202800638742169
CNN,0.9567987766025232,0.9562975377078767
