Model,Accuracy,F1
bert-base-uncased,0.9745125525678603,0.9746899519109086
roberta-base,0.9773161717853956,0.9774397972116603
distilbert-base-uncased,0.9782082324455206,0.9781859931113663
microsoft/deberta-base,0.9778259207340385,0.9779746835443038
